"country","iso_code","year","cases_total","region","cases_imported","cfr","deaths_total"
"Algeria","DZA",1971,1332,"AFRO",NA,0.0825825825825826,110
"Algeria","DZA",1972,646,"AFRO",NA,0.109907120743034,71
"Algeria","DZA",1973,605,"AFRO",NA,0.122314049586777,74
"Algeria","DZA",1974,738,"AFRO",NA,0.0677506775067751,50
"Algeria","DZA",1975,1165,"AFRO",NA,0.101287553648069,118
"Algeria","DZA",1976,286,"AFRO",NA,0.104895104895105,30
"Algeria","DZA",1977,262,"AFRO",NA,0.0343511450381679,9
"Algeria","DZA",1978,220,"AFRO",NA,0.0590909090909091,13
"Algeria","DZA",1979,2513,"AFRO",NA,0.0374054914444887,94
"Algeria","DZA",1980,614,"AFRO",NA,0.0293159609120521,18
"Algeria","DZA",1983,218,"AFRO",NA,0.0412844036697248,9
"Algeria","DZA",1984,45,"AFRO",NA,0,0
"Algeria","DZA",1987,1507,"AFRO",NA,0,0
"Algeria","DZA",1988,699,"AFRO",NA,0.0429184549356223,30
"Algeria","DZA",1989,393,"AFRO",NA,0,0
"Algeria","DZA",1990,1299,"AFRO",NA,0.0153964588144727,20
"Algeria","DZA",1992,69,"AFRO",NA,0,0
"Algeria","DZA",1994,118,"AFRO",NA,0.0338983050847458,4
"Algeria","DZA",2005,0,"AFRO",NA,NA,0
"Algeria","DZA",2006,0,"AFRO",NA,NA,0
"Angola","AGO",1971,1,"AFRO",NA,NA,NA
"Angola","AGO",1972,268,"AFRO",NA,0.0895522388059701,24
"Angola","AGO",1973,263,"AFRO",NA,0.0342205323193916,9
"Angola","AGO",1974,934,"AFRO",NA,0.0364025695931477,34
"Angola","AGO",1975,88,"AFRO",NA,0.0454545454545455,4
"Angola","AGO",1977,726,"AFRO",NA,0.0426997245179063,31
"Angola","AGO",1987,16222,"AFRO",NA,0.086487486129947,1403
"Angola","AGO",1988,15500,"AFRO",NA,0.0994838709677419,1542
"Angola","AGO",1989,17601,"AFRO",NA,0.0525538321686268,925
"Angola","AGO",1990,9527,"AFRO",NA,0.0849165529547602,809
"Angola","AGO",1991,8590,"AFRO",NA,0.0677532013969732,582
"Angola","AGO",1992,3608,"AFRO",NA,0.0509977827050998,184
"Angola","AGO",1994,3443,"AFRO",NA,0.0543130990415335,187
"Angola","AGO",1995,3295,"AFRO",NA,0.0752655538694992,248
"Angola","AGO",1996,1306,"AFRO",NA,0.0321592649310873,42
"Angola","AGO",2005,0,"AFRO",NA,NA,0
"Angola","AGO",2006,67257,"AFRO",NA,0.0404716237715033,2722
"Angola","AGO",2007,18422,"AFRO",NA,0.0278471392899794,513
"Angola","AGO",2008,10511,"AFRO",NA,0.0231186376177338,243
"Angola","AGO",2009,2019,"AFRO",NA,0.0435859336305102,88
"Angola","AGO",2010,1484,"AFRO",NA,0.0202156334231806,30
"Angola","AGO",2011,1810,"AFRO",NA,0.0607734806629834,110
"Angola","AGO",2012,1215,"AFRO",NA,0.0806584362139918,98
"Angola","AGO",2013,6655,"AFRO",NA,0.0129226145755071,86
"Angola","AGO",2014,213,"AFRO",NA,0.0140845070422535,3
"Angola","AGO",2016,78,"AFRO",NA,0.0384615384615385,3
"Angola","AGO",2017,828,"AFRO",NA,0.0519323671497585,43
"Angola","AGO",2018,1546,"AFRO",NA,0.0161707632600259,25
"Benin","BEN",1970,175,"AFRO",NA,0.211428571428571,37
"Benin","BEN",1971,2133,"AFRO",NA,0.128457571495546,274
"Benin","BEN",1972,250,"AFRO",NA,0.116,29
"Benin","BEN",1973,3,"AFRO",NA,0.666666666666667,2
"Benin","BEN",1974,73,"AFRO",NA,0.0547945205479452,4
"Benin","BEN",1975,45,"AFRO",NA,0.0222222222222222,1
"Benin","BEN",1976,146,"AFRO",NA,0.0958904109589041,14
"Benin","BEN",1977,2,"AFRO",NA,0,0
"Benin","BEN",1978,27,"AFRO",NA,0,0
"Benin","BEN",1980,3,"AFRO",NA,0,0
"Benin","BEN",1981,2,"AFRO",NA,0,0
"Benin","BEN",1982,3,"AFRO",NA,0,0
"Benin","BEN",1983,1,"AFRO",NA,0,0
"Benin","BEN",1984,1,"AFRO",NA,0,0
"Benin","BEN",1986,243,"AFRO",NA,0.0534979423868313,13
"Benin","BEN",1991,7474,"AFRO",NA,0.0346534653465347,259
"Benin","BEN",1992,413,"AFRO",NA,0.0411622276029056,17
"Benin","BEN",1993,10,"AFRO",NA,0.2,2
"Benin","BEN",1994,187,"AFRO",NA,0.106951871657754,20
"Benin","BEN",1995,203,"AFRO",NA,0.0591133004926108,12
"Benin","BEN",1996,6190,"AFRO",NA,0.032794830371567,203
"Benin","BEN",1997,796,"AFRO",NA,0.0201005025125628,16
"Benin","BEN",1998,206,"AFRO",NA,0.00485436893203883,1
"Benin","BEN",1999,855,"AFRO",NA,0.0292397660818713,25
"Benin","BEN",2000,468,"AFRO",NA,0.0235042735042735,11
"Benin","BEN",2001,3943,"AFRO",NA,0.0180065939639868,71
"Benin","BEN",2002,270,"AFRO",NA,0.0481481481481481,13
"Benin","BEN",2003,434,"AFRO",NA,0.0253456221198157,11
"Benin","BEN",2004,642,"AFRO",NA,0.014018691588785,9
"Benin","BEN",2005,749,"AFRO",NA,0.0146862483311081,11
"Benin","BEN",2006,91,"AFRO",NA,0.010989010989011,1
"Benin","BEN",2008,985,"AFRO",NA,0.0050761421319797,5
"Benin","BEN",2009,74,"AFRO",NA,0.0135135135135135,1
"Benin","BEN",2010,983,"AFRO",NA,0.0081383519837233,8
"Benin","BEN",2011,755,"AFRO",NA,0.00529801324503311,4
"Benin","BEN",2012,625,"AFRO",NA,0.0048,3
"Benin","BEN",2013,528,"AFRO",NA,0.0113636363636364,6
"Benin","BEN",2014,832,"AFRO",NA,0.0144230769230769,12
"Benin","BEN",2016,761,"AFRO",NA,0.0170827858081472,13
"Benin","BEN",2017,11,"AFRO",NA,0,0
"Benin","BEN",2019,50,"AFRO",NA,0,0
"Benin","BEN",2020,232,"AFRO",NA,0.0258620689655172,6
"Benin","BEN",2021,1298,"AFRO",NA,0.0177195685670262,23
"Botswana","BWA",2005,0,"AFRO",NA,NA,0
"Botswana","BWA",2006,0,"AFRO",NA,NA,0
"Botswana","BWA",2008,8,"AFRO",NA,0.125,1
"Botswana","BWA",2009,15,"AFRO",NA,0.133333333333333,2
"Burkina Faso","BFA",1970,1,"AFRO",NA,1,1
"Burkina Faso","BFA",1971,1761,"AFRO",NA,0.281090289608177,495
"Burkina Faso","BFA",1972,1,"AFRO",NA,0,0
"Burkina Faso","BFA",1973,1118,"AFRO",NA,0.222719141323792,249
"Burkina Faso","BFA",1974,632,"AFRO",NA,0.104430379746835,66
"Burkina Faso","BFA",1975,3,"AFRO",NA,1,3
"Burkina Faso","BFA",1978,1,"AFRO",NA,0,0
"Burkina Faso","BFA",1984,2191,"AFRO",NA,0.0534002738475582,117
"Burkina Faso","BFA",1985,1149,"AFRO",NA,0.135770234986945,156
"Burkina Faso","BFA",1991,537,"AFRO",NA,0.113594040968343,61
"Burkina Faso","BFA",1995,1451,"AFRO",NA,0.0778773259820813,113
"Burkina Faso","BFA",1996,425,"AFRO",NA,0.136470588235294,58
"Burkina Faso","BFA",1998,1036,"AFRO",NA,0.0501930501930502,52
"Burkina Faso","BFA",1999,93,"AFRO",NA,0.0752688172043011,7
"Burkina Faso","BFA",2000,617,"AFRO",NA,0.0226904376012966,14
"Burkina Faso","BFA",2001,477,"AFRO",NA,0.0146750524109015,7
"Burkina Faso","BFA",2003,1,"AFRO",NA,NA,NA
"Burkina Faso","BFA",2005,1050,"AFRO",NA,0.0152380952380952,16
"Burkina Faso","BFA",2006,0,"AFRO",NA,NA,0
"Burkina Faso","BFA",2008,0,"AFRO",NA,NA,0
"Burkina Faso","BFA",2011,20,"AFRO",NA,0.1,2
"Burkina Faso","BFA",2012,143,"AFRO",NA,0.048951048951049,7
"Burkina Faso","BFA",2021,3,"AFRO",NA,0,0
"Burundi","BDI",1978,8297,"AFRO",NA,0.0298903218030613,248
"Burundi","BDI",1979,915,"AFRO",NA,0.033879781420765,31
"Burundi","BDI",1980,2039,"AFRO",NA,0.0137322216772928,28
"Burundi","BDI",1981,582,"AFRO",NA,0.0189003436426117,11
"Burundi","BDI",1982,415,"AFRO",NA,0.0216867469879518,9
"Burundi","BDI",1983,512,"AFRO",NA,0.068359375,35
"Burundi","BDI",1984,180,"AFRO",NA,0.0555555555555556,10
"Burundi","BDI",1985,259,"AFRO",NA,0.0579150579150579,15
"Burundi","BDI",1990,82,"AFRO",NA,NA,NA
"Burundi","BDI",1991,3,"AFRO",NA,NA,NA
"Burundi","BDI",1992,479,"AFRO",NA,0.0605427974947808,29
"Burundi","BDI",1993,78,"AFRO",NA,0,0
"Burundi","BDI",1994,562,"AFRO",NA,0.0729537366548043,41
"Burundi","BDI",1995,2297,"AFRO",NA,NA,NA
"Burundi","BDI",1996,418,"AFRO",NA,NA,NA
"Burundi","BDI",1997,1959,"AFRO",NA,0.0484941296579888,95
"Burundi","BDI",1998,1067,"AFRO",NA,0.0243673851921275,26
"Burundi","BDI",1999,3440,"AFRO",NA,0.0183139534883721,63
"Burundi","BDI",2000,1021,"AFRO",NA,0.0156709108716944,16
"Burundi","BDI",2001,1003,"AFRO",NA,0.0199401794616152,20
"Burundi","BDI",2002,577,"AFRO",NA,0.0138648180242634,8
"Burundi","BDI",2003,432,"AFRO",NA,0.0416666666666667,18
"Burundi","BDI",2004,819,"AFRO",NA,0.0170940170940171,14
"Burundi","BDI",2005,1309,"AFRO",NA,0.0137509549274255,18
"Burundi","BDI",2006,886,"AFRO",NA,0.00790067720090293,7
"Burundi","BDI",2007,365,"AFRO",NA,0.00547945205479452,2
"Burundi","BDI",2008,234,"AFRO",NA,0.0170940170940171,4
"Burundi","BDI",2009,355,"AFRO",NA,0,0
"Burundi","BDI",2010,333,"AFRO",NA,0.003003003003003,1
"Burundi","BDI",2011,1072,"AFRO",NA,0.000932835820895522,1
"Burundi","BDI",2012,214,"AFRO",NA,0.00467289719626168,1
"Burundi","BDI",2013,1557,"AFRO",NA,0.0109184328837508,17
"Burundi","BDI",2014,582,"AFRO",NA,0.0154639175257732,9
"Burundi","BDI",2015,442,"AFRO",NA,0,0
"Burundi","BDI",2016,434,"AFRO",NA,0.0115207373271889,5
"Burundi","BDI",2017,399,"AFRO",NA,0,0
"Burundi","BDI",2018,92,"AFRO",NA,0.0108695652173913,1
"Burundi","BDI",2019,1145,"AFRO",NA,0.00786026200873362,9
"Burundi","BDI",2020,277,"AFRO",NA,0.0180505415162455,5
"Burundi","BDI",2021,11,"AFRO",NA,0,0
"Cameroon","CMR",1971,2167,"AFRO",NA,0.155053068758653,336
"Cameroon","CMR",1972,362,"AFRO",NA,0.074585635359116,27
"Cameroon","CMR",1973,206,"AFRO",NA,0.0776699029126214,16
"Cameroon","CMR",1974,83,"AFRO",NA,0.192771084337349,16
"Cameroon","CMR",1975,3,"AFRO",NA,0,0
"Cameroon","CMR",1976,135,"AFRO",NA,0.2,27
"Cameroon","CMR",1978,3,"AFRO",NA,0,0
"Cameroon","CMR",1979,16,"AFRO",NA,0.25,4
"Cameroon","CMR",1980,229,"AFRO",NA,0.100436681222707,23
"Cameroon","CMR",1981,243,"AFRO",NA,0.0699588477366255,17
"Cameroon","CMR",1982,5,"AFRO",NA,0.6,3
"Cameroon","CMR",1983,55,"AFRO",NA,0.327272727272727,18
"Cameroon","CMR",1984,392,"AFRO",NA,0.153061224489796,60
"Cameroon","CMR",1985,1158,"AFRO",NA,0.0889464594127807,103
"Cameroon","CMR",1986,165,"AFRO",NA,0.0727272727272727,12
"Cameroon","CMR",1987,94,"AFRO",NA,0.0638297872340425,6
"Cameroon","CMR",1988,4,"AFRO",NA,0,0
"Cameroon","CMR",1989,4,"AFRO",NA,0.5,2
"Cameroon","CMR",1990,16,"AFRO",NA,0,0
"Cameroon","CMR",1991,4026,"AFRO",NA,0.121957277694983,491
"Cameroon","CMR",1992,1268,"AFRO",NA,0.0520504731861199,66
"Cameroon","CMR",1993,648,"AFRO",NA,0.029320987654321,19
"Cameroon","CMR",1994,527,"AFRO",NA,0.115749525616698,61
"Cameroon","CMR",1995,615,"AFRO",NA,0.0341463414634146,21
"Cameroon","CMR",1996,5796,"AFRO",NA,0.0836783988957902,485
"Cameroon","CMR",1997,1709,"AFRO",NA,0.105324751316559,180
"Cameroon","CMR",1998,4603,"AFRO",NA,0.0686508798609602,316
"Cameroon","CMR",1999,1584,"AFRO",NA,0.0220959595959596,35
"Cameroon","CMR",2000,123,"AFRO",NA,0.235772357723577,29
"Cameroon","CMR",2001,259,"AFRO",NA,0.027027027027027,7
"Cameroon","CMR",2002,66,"AFRO",NA,0.121212121212121,8
"Cameroon","CMR",2003,207,"AFRO",NA,0.173913043478261,36
"Cameroon","CMR",2004,8005,"AFRO",NA,0.0171143035602748,137
"Cameroon","CMR",2005,2847,"AFRO",NA,0.0386371619248332,110
"Cameroon","CMR",2006,922,"AFRO",NA,0.0379609544468547,35
"Cameroon","CMR",2007,10,"AFRO",NA,0.1,1
"Cameroon","CMR",2008,0,"AFRO",NA,NA,0
"Cameroon","CMR",2009,804,"AFRO",NA,0.110696517412935,89
"Cameroon","CMR",2010,10759,"AFRO",NA,0.0610651547541593,657
"Cameroon","CMR",2011,22433,"AFRO",NA,0.0349039361654705,783
"Cameroon","CMR",2012,363,"AFRO",NA,0.0137741046831956,5
"Cameroon","CMR",2013,29,"AFRO",NA,0,0
"Cameroon","CMR",2014,3355,"AFRO",NA,0.0548435171385991,184
"Cameroon","CMR",2015,124,"AFRO",NA,0.0483870967741935,6
"Cameroon","CMR",2018,1052,"AFRO",NA,0.0551330798479087,58
"Cameroon","CMR",2019,1840,"AFRO",NA,0.0505434782608696,93
"Cameroon","CMR",2020,1890,"AFRO",NA,0.0386243386243386,73
"Cameroon","CMR",2021,728,"AFRO",NA,0.0315934065934066,23
"Cape Verde","CPV",1974,303,"AFRO",NA,0.0264026402640264,8
"Cape Verde","CPV",1975,20,"AFRO",NA,0.15,3
"Cape Verde","CPV",1976,219,"AFRO",NA,0.0776255707762557,17
"Cape Verde","CPV",1994,128,"AFRO",NA,0.09375,12
"Cape Verde","CPV",1995,12913,"AFRO",NA,0.0185859211647177,240
"Cape Verde","CPV",1996,428,"AFRO",NA,0.00700934579439252,3
"Cape Verde","CPV",1998,133,"AFRO",NA,0.0075187969924812,1
"Cape Verde","CPV",2005,0,"AFRO",NA,NA,0
"Cape Verde","CPV",2006,0,"AFRO",NA,NA,0
"Central African Republic","CAF",1997,443,"AFRO",NA,0.169300225733634,75
"Central African Republic","CAF",1998,22,"AFRO",NA,0.136363636363636,3
"Central African Republic","CAF",2004,320,"AFRO",NA,0.15,48
"Central African Republic","CAF",2005,0,"AFRO",NA,NA,0
"Central African Republic","CAF",2006,0,"AFRO",NA,NA,0
"Central African Republic","CAF",2011,117,"AFRO",NA,0.128205128205128,15
"Central African Republic","CAF",2012,21,"AFRO",NA,0,0
"Chad","TCD",1971,8230,"AFRO",NA,0.292952612393682,2411
"Chad","TCD",1972,9,"AFRO",NA,0.333333333333333,3
"Chad","TCD",1974,338,"AFRO",NA,0.257396449704142,87
"Chad","TCD",1991,13915,"AFRO",NA,0.0965864175350341,1344
"Chad","TCD",1994,1094,"AFRO",NA,0.0393053016453382,43
"Chad","TCD",1996,7830,"AFRO",NA,0.0572158365261814,448
"Chad","TCD",1997,8801,"AFRO",NA,0.0503351891830474,443
"Chad","TCD",1998,4095,"AFRO",NA,0.0351648351648352,144
"Chad","TCD",1999,217,"AFRO",NA,0.0829493087557604,18
"Chad","TCD",2001,5244,"AFRO",NA,0.0430968726163234,226
"Chad","TCD",2003,55,"AFRO",NA,0.127272727272727,7
"Chad","TCD",2004,5531,"AFRO",NA,0.049177363948653,272
"Chad","TCD",2005,90,"AFRO",NA,0.155555555555556,14
"Chad","TCD",2006,1668,"AFRO",NA,0.0425659472422062,71
"Chad","TCD",2007,0,"AFRO",NA,NA,0
"Chad","TCD",2009,67,"AFRO",NA,0.0895522388059701,6
"Chad","TCD",2010,6395,"AFRO",NA,0.0273651290070367,175
"Chad","TCD",2011,17267,"AFRO",NA,0.0265245844674813,458
"Chad","TCD",2017,1266,"AFRO",NA,0.0679304897314376,86
"Chad","TCD",2019,93,"AFRO",NA,0.043010752688172,4
"Comoros","COM",1975,2675,"AFRO",NA,0.0889719626168224,238
"Comoros","COM",1976,5,"AFRO",NA,0.2,1
"Comoros","COM",1998,7300,"AFRO",NA,0.00931506849315068,68
"Comoros","COM",1999,1180,"AFRO",NA,0.035593220338983,42
"Comoros","COM",2000,3297,"AFRO",NA,0.0276008492569002,91
"Comoros","COM",2001,226,"AFRO",NA,0.0176991150442478,4
"Comoros","COM",2002,1567,"AFRO",NA,0.0293554562858966,46
"Comoros","COM",2003,56,"AFRO",NA,0,0
"Comoros","COM",2004,1,"AFRO",NA,0,0
"Comoros","COM",2005,0,"AFRO",NA,NA,0
"Comoros","COM",2006,0,"AFRO",NA,NA,0
"Comoros","COM",2007,1555,"AFRO",NA,0.0186495176848875,29
"Comoros","COM",2008,4,"AFRO",NA,0,0
"Congo","COG",1978,51,"AFRO",NA,0.274509803921569,14
"Congo","COG",1979,5,"AFRO",NA,0,0
"Congo","COG",1997,275,"AFRO",NA,0.218181818181818,60
"Congo","COG",1998,3222,"AFRO",NA,0.00682805710738672,22
"Congo","COG",1999,4813,"AFRO",NA,0.00415541242468315,20
"Congo","COG",2000,9,"AFRO",NA,0.222222222222222,2
"Congo","COG",2005,0,"AFRO",NA,NA,0
"Congo","COG",2006,175,"AFRO",NA,0.0571428571428571,10
"Congo","COG",2007,7785,"AFRO",NA,0.0170841361592807,133
"Congo","COG",2008,156,"AFRO",NA,0.0256410256410256,4
"Congo","COG",2009,93,"AFRO",NA,0,0
"Congo","COG",2011,762,"AFRO",NA,NA,NA
"Congo","COG",2012,1181,"AFRO",NA,0.0313293818797629,37
"Congo","COG",2013,1624,"AFRO",NA,0.136083743842365,221
"Congo","COG",2016,15,"AFRO",NA,0.133333333333333,2
"Congo","COG",2018,60,"AFRO",NA,0.05,3
"Cote d'Ivoire","CIV",1970,868,"AFRO",NA,0.0449308755760369,39
"Cote d'Ivoire","CIV",1971,668,"AFRO",NA,0.0134730538922156,9
"Cote d'Ivoire","CIV",1979,3,"AFRO",NA,0,0
"Cote d'Ivoire","CIV",1982,34,"AFRO",NA,0,0
"Cote d'Ivoire","CIV",1991,604,"AFRO",NA,0.19205298013245,116
"Cote d'Ivoire","CIV",1992,37,"AFRO",NA,0.189189189189189,7
"Cote d'Ivoire","CIV",1993,724,"AFRO",NA,0.0580110497237569,42
"Cote d'Ivoire","CIV",1994,1108,"AFRO",NA,0.0496389891696751,55
"Cote d'Ivoire","CIV",1995,4993,"AFRO",NA,0.0368515922291208,184
"Cote d'Ivoire","CIV",1996,1345,"AFRO",NA,0.0163568773234201,22
"Cote d'Ivoire","CIV",2001,5912,"AFRO",NA,0.0515899864682003,305
"Cote d'Ivoire","CIV",2002,4188,"AFRO",NA,0.03414517669532,143
"Cote d'Ivoire","CIV",2003,1034,"AFRO",NA,0.0483558994197292,50
"Cote d'Ivoire","CIV",2004,105,"AFRO",NA,0.0857142857142857,9
"Cote d'Ivoire","CIV",2005,39,"AFRO",NA,0.153846153846154,6
"Cote d'Ivoire","CIV",2006,414,"AFRO",NA,0.036231884057971,15
"Cote d'Ivoire","CIV",2007,8,"AFRO",NA,0.125,1
"Cote d'Ivoire","CIV",2008,7,"AFRO",NA,0.142857142857143,1
"Cote d'Ivoire","CIV",2009,5,"AFRO",NA,0.4,2
"Cote d'Ivoire","CIV",2010,32,"AFRO",NA,0,0
"Cote d'Ivoire","CIV",2011,1261,"AFRO",NA,0.0190325138778747,24
"Cote d'Ivoire","CIV",2012,424,"AFRO",NA,0.044811320754717,19
"Cote d'Ivoire","CIV",2013,56,"AFRO",NA,0.0357142857142857,2
"Cote d'Ivoire","CIV",2014,235,"AFRO",NA,0.051063829787234,12
"Cote d'Ivoire","CIV",2015,199,"AFRO",NA,0.0301507537688442,6
"Cote d'Ivoire","CIV",2021,12,"AFRO",NA,0,0
"Democratic Republic of Congo","COD",1978,3481,"AFRO",NA,0.0525711002585464,183
"Democratic Republic of Congo","COD",1979,5515,"AFRO",NA,0.0926563916591115,511
"Democratic Republic of Congo","COD",1980,1051,"AFRO",NA,0.077069457659372,81
"Democratic Republic of Congo","COD",1981,2379,"AFRO",NA,0.336275746111812,800
"Democratic Republic of Congo","COD",1982,10328,"AFRO",NA,0.0670991479473277,693
"Democratic Republic of Congo","COD",1983,2977,"AFRO",NA,0.0822976150487068,245
"Democratic Republic of Congo","COD",1984,162,"AFRO",NA,0.0185185185185185,3
"Democratic Republic of Congo","COD",1985,740,"AFRO",NA,0.0405405405405405,30
"Democratic Republic of Congo","COD",1986,1059,"AFRO",NA,0.118035882908404,125
"Democratic Republic of Congo","COD",1987,1150,"AFRO",NA,0.189565217391304,218
"Democratic Republic of Congo","COD",1988,295,"AFRO",NA,0.108474576271186,32
"Democratic Republic of Congo","COD",1989,99,"AFRO",NA,0.0606060606060606,6
"Democratic Republic of Congo","COD",1990,468,"AFRO",NA,0.13034188034188,61
"Democratic Republic of Congo","COD",1991,4066,"AFRO",NA,0.0723069355632071,294
"Democratic Republic of Congo","COD",1992,1949,"AFRO",NA,0.030271934325295,59
"Democratic Republic of Congo","COD",1993,986,"AFRO",NA,0.177484787018256,175
"Democratic Republic of Congo","COD",1994,58057,"AFRO",NA,0.0720154331088413,4181
"Democratic Republic of Congo","COD",1995,553,"AFRO",NA,0.0397830018083183,22
"Democratic Republic of Congo","COD",1996,7886,"AFRO",NA,0.0809028658381943,638
"Democratic Republic of Congo","COD",1997,2421,"AFRO",NA,0.134655101197852,326
"Democratic Republic of Congo","COD",1998,34899,"AFRO",NA,0.0838419438952406,2926
"Democratic Republic of Congo","COD",1999,12711,"AFRO",NA,0.0616001888128393,783
"Democratic Republic of Congo","COD",2000,14995,"AFRO",NA,0.062754251417139,941
"Democratic Republic of Congo","COD",2001,5728,"AFRO",NA,0.068086592178771,390
"Democratic Republic of Congo","COD",2002,31658,"AFRO",NA,0.0625118453471476,1979
"Democratic Republic of Congo","COD",2003,27272,"AFRO",NA,0.0362643003813435,989
"Democratic Republic of Congo","COD",2004,7665,"AFRO",NA,0.0297455968688845,228
"Democratic Republic of Congo","COD",2005,13430,"AFRO",NA,0.0181682799702159,244
"Democratic Republic of Congo","COD",2006,20642,"AFRO",NA,0.0206375351225656,426
"Democratic Republic of Congo","COD",2007,28269,"AFRO",NA,0.0212246630584739,600
"Democratic Republic of Congo","COD",2008,30150,"AFRO",NA,0.0181757877280265,548
"Democratic Republic of Congo","COD",2009,22899,"AFRO",NA,0.0103497969343639,237
"Democratic Republic of Congo","COD",2010,13884,"AFRO",NA,0.0131086142322097,182
"Democratic Republic of Congo","COD",2011,21700,"AFRO",NA,0.0269124423963134,584
"Democratic Republic of Congo","COD",2012,33661,"AFRO",NA,0.024330827961142,819
"Democratic Republic of Congo","COD",2013,26944,"AFRO",NA,0.0182229809976247,491
"Democratic Republic of Congo","COD",2014,22203,"AFRO",NA,0.0167544926361303,372
"Democratic Republic of Congo","COD",2015,19182,"AFRO",NA,0.0143884892086331,276
"Democratic Republic of Congo","COD",2016,28093,"AFRO",NA,0.027017406471363,759
"Democratic Republic of Congo","COD",2017,56190,"AFRO",NA,0.0211781455775049,1190
"Democratic Republic of Congo","COD",2018,30768,"AFRO",NA,0.031591263650546,972
"Democratic Republic of Congo","COD",2019,30304,"AFRO",NA,0.0169614572333685,514
"Democratic Republic of Congo","COD",2020,19789,"AFRO",NA,0.0178887260599323,354
"Democratic Republic of Congo","COD",2021,12103,"AFRO",NA,0.0172684458398744,209
"Djibouti","DJI",1970,6,"AFRO",NA,0.5,3
"Djibouti","DJI",1971,440,"AFRO",NA,0.184090909090909,81
"Djibouti","DJI",1972,8,"AFRO",NA,0.375,3
"Djibouti","DJI",1976,2,"AFRO",NA,0,0
"Djibouti","DJI",1977,2,"AFRO",NA,0,0
"Djibouti","DJI",1978,3,"AFRO",NA,0.666666666666667,2
"Djibouti","DJI",1985,115,"AFRO",NA,0.0608695652173913,7
"Djibouti","DJI",1993,10055,"AFRO",NA,0.00984584783689707,99
"Djibouti","DJI",1994,1122,"AFRO",NA,0.0133689839572193,15
"Djibouti","DJI",1997,2424,"AFRO",NA,0.0206270627062706,50
"Djibouti","DJI",1998,164,"AFRO",NA,0.0182926829268293,3
"Djibouti","DJI",2000,1828,"AFRO",NA,0.0175054704595186,32
"Djibouti","DJI",2007,1087,"AFRO",NA,0.0248390064397424,27
"Djibouti","DJI",2010,2047,"AFRO",NA,0.0092818759159746,19
"Djibouti","DJI",2011,127,"AFRO",NA,0.0078740157480315,1
"Equatorial Guinea","GNQ",1984,404,"AFRO",NA,0.0767326732673267,31
"Equatorial Guinea","GNQ",1985,108,"AFRO",NA,0.00925925925925926,1
"Equatorial Guinea","GNQ",2004,59,"AFRO",NA,0.0169491525423729,1
"Equatorial Guinea","GNQ",2005,6391,"AFRO",NA,0.00516351118760757,33
"Equatorial Guinea","GNQ",2006,0,"AFRO",NA,NA,0
"Eritrea","ERI",2005,0,"AFRO",NA,NA,0
"Eritrea","ERI",2006,0,"AFRO",NA,NA,0
"Eritrea","ERI",2007,119,"AFRO",NA,0.0756302521008403,9
"Eritrea","ERI",2008,1,"AFRO",NA,0,0
"Eswatini","SWZ",1978,2,"AFRO",NA,NA,NA
"Eswatini","SWZ",1981,238,"AFRO",NA,0.0714285714285714,17
"Eswatini","SWZ",1982,538,"AFRO",NA,0.0241635687732342,13
"Eswatini","SWZ",1992,2281,"AFRO",NA,0.0131521262604121,30
"Eswatini","SWZ",1996,2,"AFRO",NA,0,0
"Eswatini","SWZ",1998,7,"AFRO",NA,0,0
"Eswatini","SWZ",1999,7,"AFRO",NA,0,0
"Eswatini","SWZ",2000,141,"AFRO",NA,0.113475177304965,16
"Eswatini","SWZ",2001,5612,"AFRO",NA,0.0190662865288667,107
"Eswatini","SWZ",2002,134,"AFRO",NA,0.0149253731343284,2
"Eswatini","SWZ",2003,32,"AFRO",NA,0.40625,13
"Eswatini","SWZ",2004,1075,"AFRO",NA,0.0148837209302326,16
"Eswatini","SWZ",2005,0,"AFRO",NA,NA,0
"Eswatini","SWZ",2006,18,"AFRO",NA,0,0
"Eswatini","SWZ",2007,0,"AFRO",NA,NA,0
"Eswatini","SWZ",2008,1,"AFRO",NA,0,0
"Eswatini","SWZ",2009,19,"AFRO",NA,0,0
"Ethiopia","ETH",1970,850,"AFRO",NA,0.0847058823529412,72
"Ethiopia","ETH",1971,2187,"AFRO",NA,0.0566986739826246,124
"Ethiopia","ETH",1982,0,"AFRO",NA,NA,0
"Ethiopia","ETH",2004,16,"AFRO",NA,0,0
"Ethiopia","ETH",2005,0,"AFRO",NA,NA,0
"Ethiopia","ETH",2006,54070,"AFRO",NA,0.0106343628629554,575
"Ethiopia","ETH",2007,24121,"AFRO",NA,0.0112764810745823,272
"Ethiopia","ETH",2008,3862,"AFRO",NA,0.00595546349041947,23
"Ethiopia","ETH",2009,31509,"AFRO",NA,0.0137738423942366,434
"Ethiopia","ETH",2010,1682,"AFRO",NA,0.0124851367419738,21
"Ethiopia","ETH",2019,2615,"AFRO",NA,0.0137667304015296,36
"Ethiopia","ETH",2020,12226,"AFRO",NA,0.0143955504662195,176
"Ethiopia","ETH",2021,674,"AFRO",NA,0.0103857566765579,7
"Gabon","GAB",1979,5,"AFRO",NA,0.4,2
"Gabon","GAB",1981,7,"AFRO",NA,0,0
"Gabon","GAB",2002,6,"AFRO",NA,NA,NA
"Gabon","GAB",2003,629,"AFRO",NA,0,0
"Gabon","GAB",2005,0,"AFRO",NA,NA,0
"Gabon","GAB",2006,0,"AFRO",NA,NA,0
"Gabon","GAB",2008,2,"AFRO",NA,0,0
"Gambia","GMB",1985,2,"AFRO",NA,0,0
"Gambia","GMB",1994,1,"AFRO",NA,0,0
"Gambia","GMB",1995,15,"AFRO",NA,0,0
"Gambia","GMB",1996,7,"AFRO",NA,0,0
"Gambia","GMB",2005,214,"AFRO",NA,0.0607476635514019,13
"Gambia","GMB",2006,0,"AFRO",NA,NA,0
"Gambia","GMB",2007,12,"AFRO",NA,0.0833333333333333,1
"Gambia","GMB",2008,1,"AFRO",NA,0,0
"Ghana","GHA",1970,2733,"AFRO",NA,0.0658616904500549,180
"Ghana","GHA",1971,13048,"AFRO",NA,0.0491263028816677,641
"Ghana","GHA",1972,625,"AFRO",NA,0.0512,32
"Ghana","GHA",1973,677,"AFRO",NA,0.0576070901033973,39
"Ghana","GHA",1974,483,"AFRO",NA,0.0766045548654244,37
"Ghana","GHA",1975,187,"AFRO",NA,0.053475935828877,10
"Ghana","GHA",1976,102,"AFRO",NA,0,0
"Ghana","GHA",1977,6565,"AFRO",NA,0.0537699923838538,353
"Ghana","GHA",1978,1853,"AFRO",NA,0.0647598488936859,120
"Ghana","GHA",1979,1783,"AFRO",NA,0.0633763320246775,113
"Ghana","GHA",1980,260,"AFRO",NA,0.0807692307692308,21
"Ghana","GHA",1981,943,"AFRO",NA,0.0657476139978791,62
"Ghana","GHA",1982,11051,"AFRO",NA,0.110849696860013,1225
"Ghana","GHA",1983,14160,"AFRO",NA,0.0578389830508475,819
"Ghana","GHA",1984,1015,"AFRO",NA,0.09064039408867,92
"Ghana","GHA",1985,60,"AFRO",NA,0,0
"Ghana","GHA",1990,2937,"AFRO",NA,0.0204290091930541,60
"Ghana","GHA",1991,13172,"AFRO",NA,0.0310507136349833,409
"Ghana","GHA",1992,228,"AFRO",NA,0.100877192982456,23
"Ghana","GHA",1993,1448,"AFRO",NA,0.0262430939226519,38
"Ghana","GHA",1994,2267,"AFRO",NA,0.0238200264666961,54
"Ghana","GHA",1995,4698,"AFRO",NA,0.0197956577266922,93
"Ghana","GHA",1996,1665,"AFRO",NA,0.042042042042042,70
"Ghana","GHA",1997,379,"AFRO",NA,0.0316622691292876,12
"Ghana","GHA",1998,3426,"AFRO",NA,0.031523642732049,108
"Ghana","GHA",1999,9432,"AFRO",NA,0.0275657336726039,260
"Ghana","GHA",2000,3331,"AFRO",NA,0.0222155508856199,74
"Ghana","GHA",2001,5487,"AFRO",NA,0.0291598323309641,160
"Ghana","GHA",2002,3614,"AFRO",NA,0.0179856115107914,65
"Ghana","GHA",2003,204,"AFRO",NA,0.0196078431372549,4
"Ghana","GHA",2004,407,"AFRO",NA,0.0147420147420147,6
"Ghana","GHA",2005,3166,"AFRO",NA,0.0161086544535692,51
"Ghana","GHA",2006,3357,"AFRO",NA,0.0318736967530533,107
"Ghana","GHA",2007,179,"AFRO",NA,0.100558659217877,18
"Ghana","GHA",2008,1223,"AFRO",NA,0.0204415372035977,25
"Ghana","GHA",2009,1294,"AFRO",NA,0.00695517774343122,9
"Ghana","GHA",2010,438,"AFRO",NA,0.00684931506849315,3
"Ghana","GHA",2011,10628,"AFRO",NA,0.00987956341738803,105
"Ghana","GHA",2012,9548,"AFRO",NA,0.0104733975701718,100
"Ghana","GHA",2013,50,"AFRO",NA,0,0
"Ghana","GHA",2014,28944,"AFRO",NA,0.0083955223880597,243
"Ghana","GHA",2015,692,"AFRO",NA,0.0115606936416185,8
"Ghana","GHA",2016,175,"AFRO",NA,0,0
"Ghana","GHA",2019,1,"AFRO",NA,0,0
"Ghana","GHA",2021,2,"AFRO",NA,0,0
"Guinea","GIN",1970,2000,"AFRO",NA,0.03,60
"Guinea","GIN",1986,286,"AFRO",NA,0.202797202797203,58
"Guinea","GIN",1994,31415,"AFRO",NA,0.0213592233009709,671
"Guinea","GIN",1995,6506,"AFRO",NA,0.0868429142330157,565
"Guinea","GIN",1996,287,"AFRO",NA,0.0592334494773519,17
"Guinea","GIN",1998,881,"AFRO",NA,0.0601589103291714,53
"Guinea","GIN",1999,599,"AFRO",NA,0.0467445742904841,28
"Guinea","GIN",2000,519,"AFRO",NA,0.0616570327552987,32
"Guinea","GIN",2001,392,"AFRO",NA,0.0561224489795918,22
"Guinea","GIN",2002,61,"AFRO",NA,0.180327868852459,11
"Guinea","GIN",2003,6,"AFRO",NA,0.166666666666667,1
"Guinea","GIN",2004,1516,"AFRO",NA,0.0771767810026385,117
"Guinea","GIN",2005,3821,"AFRO",NA,0.0280031405391259,107
"Guinea","GIN",2006,3242,"AFRO",NA,0.067550894509562,219
"Guinea","GIN",2007,8546,"AFRO",NA,0.0363912941727124,311
"Guinea","GIN",2008,513,"AFRO",NA,0.0623781676413255,32
"Guinea","GIN",2009,42,"AFRO",NA,0,0
"Guinea","GIN",2011,3,"AFRO",NA,0,0
"Guinea","GIN",2012,7350,"AFRO",NA,0.0180952380952381,133
"Guinea","GIN",2013,319,"AFRO",NA,0.100313479623824,32
"Guinea","GIN",2014,1,"AFRO",NA,0,0
"Guinea-Bissau","GNB",1986,200,"AFRO",NA,0.25,50
"Guinea-Bissau","GNB",1987,6000,"AFRO",NA,0.0113333333333333,68
"Guinea-Bissau","GNB",1994,15296,"AFRO",NA,0.0186323221757322,285
"Guinea-Bissau","GNB",1995,119,"AFRO",NA,0,0
"Guinea-Bissau","GNB",1996,8397,"AFRO",NA,0.0100035727045373,84
"Guinea-Bissau","GNB",1997,20555,"AFRO",NA,0.0440282169788373,905
"Guinea-Bissau","GNB",1998,126,"AFRO",NA,0.0158730158730159,2
"Guinea-Bissau","GNB",2002,842,"AFRO",NA,0.00712589073634204,6
"Guinea-Bissau","GNB",2003,290,"AFRO",NA,0.00689655172413793,2
"Guinea-Bissau","GNB",2004,155,"AFRO",NA,0.0193548387096774,3
"Guinea-Bissau","GNB",2005,25111,"AFRO",NA,0.015889450838278,399
"Guinea-Bissau","GNB",2006,37,"AFRO",NA,0,0
"Guinea-Bissau","GNB",2007,153,"AFRO",NA,0.0522875816993464,8
"Guinea-Bissau","GNB",2008,14323,"AFRO",NA,0.0157089995112756,225
"Guinea-Bissau","GNB",2009,5,"AFRO",NA,0,0
"Guinea-Bissau","GNB",2012,3068,"AFRO",NA,0.00717079530638853,22
"Guinea-Bissau","GNB",2013,969,"AFRO",NA,0.0288957688338493,28
"Guinea-Bissau","GNB",2014,11,"AFRO",NA,0.181818181818182,2
"Kenya","KEN",1971,239,"AFRO",NA,0.158995815899582,38
"Kenya","KEN",1972,51,"AFRO",NA,0,0
"Kenya","KEN",1974,402,"AFRO",NA,0.0497512437810945,20
"Kenya","KEN",1975,1093,"AFRO",NA,0.0677035681610247,74
"Kenya","KEN",1976,1359,"AFRO",NA,0.0434142752023547,59
"Kenya","KEN",1977,21,"AFRO",NA,0,0
"Kenya","KEN",1978,673,"AFRO",NA,0.025260029717682,17
"Kenya","KEN",1979,1070,"AFRO",NA,0.00186915887850467,2
"Kenya","KEN",1980,2808,"AFRO",NA,0.014957264957265,42
"Kenya","KEN",1981,2424,"AFRO",NA,0.0445544554455446,108
"Kenya","KEN",1982,3498,"AFRO",NA,0.0260148656375071,91
"Kenya","KEN",1983,1049,"AFRO",NA,0.0505243088655863,53
"Kenya","KEN",1984,14,"AFRO",NA,0,0
"Kenya","KEN",1985,1352,"AFRO",NA,0.0754437869822485,102
"Kenya","KEN",1986,839,"AFRO",NA,0.0536352800953516,45
"Kenya","KEN",1987,255,"AFRO",NA,0.0470588235294118,12
"Kenya","KEN",1989,918,"AFRO",NA,0.0348583877995643,32
"Kenya","KEN",1992,3388,"AFRO",NA,0.0295159386068477,100
"Kenya","KEN",1994,880,"AFRO",NA,0.0318181818181818,28
"Kenya","KEN",1995,1547,"AFRO",NA,0.0252100840336134,39
"Kenya","KEN",1996,482,"AFRO",NA,0.029045643153527,14
"Kenya","KEN",1997,17200,"AFRO",NA,0.0322674418604651,555
"Kenya","KEN",1998,22432,"AFRO",NA,0.0551444365192582,1237
"Kenya","KEN",1999,11039,"AFRO",NA,0.0317057704502219,350
"Kenya","KEN",2000,1157,"AFRO",NA,0.0674157303370786,78
"Kenya","KEN",2001,1001,"AFRO",NA,0.0549450549450549,55
"Kenya","KEN",2002,291,"AFRO",NA,0.0343642611683849,10
"Kenya","KEN",2004,870,"AFRO",NA,0.0172413793103448,15
"Kenya","KEN",2005,816,"AFRO",NA,0.0257352941176471,21
"Kenya","KEN",2006,870,"AFRO",NA,0.0126436781609195,11
"Kenya","KEN",2007,1206,"AFRO",NA,0.0555555555555556,67
"Kenya","KEN",2008,3091,"AFRO",NA,0.0365577483015205,113
"Kenya","KEN",2009,11425,"AFRO",NA,0.0231072210065646,264
"Kenya","KEN",2010,3188,"AFRO",NA,0.0197616060225847,63
"Kenya","KEN",2011,74,"AFRO",NA,0.027027027027027,2
"Kenya","KEN",2014,35,"AFRO",NA,0.257142857142857,9
"Kenya","KEN",2015,13291,"AFRO",NA,0.00504100519148296,67
"Kenya","KEN",2016,5866,"AFRO",NA,0.0136379133992499,80
"Kenya","KEN",2017,4288,"AFRO",NA,0.0191231343283582,82
"Kenya","KEN",2018,5719,"AFRO",NA,0.0136387480328729,78
"Kenya","KEN",2019,5208,"AFRO",NA,0.027073732718894,141
"Kenya","KEN",2020,447,"AFRO",NA,0.0268456375838926,12
"Kenya","KEN",2021,38,"AFRO",NA,0,0
"Lesotho","LSO",2005,0,"AFRO",NA,NA,0
"Lesotho","LSO",2006,0,"AFRO",NA,NA,0
"Liberia","LBR",1970,168,"AFRO",NA,0.160714285714286,27
"Liberia","LBR",1971,606,"AFRO",NA,0.174917491749175,106
"Liberia","LBR",1972,947,"AFRO",NA,0.0295670538542767,28
"Liberia","LBR",1973,1336,"AFRO",NA,0.0202095808383234,27
"Liberia","LBR",1974,512,"AFRO",NA,0.0234375,12
"Liberia","LBR",1975,704,"AFRO",NA,0.0227272727272727,16
"Liberia","LBR",1976,646,"AFRO",NA,0.0154798761609907,10
"Liberia","LBR",1977,512,"AFRO",NA,0.03515625,18
"Liberia","LBR",1978,422,"AFRO",NA,0.0213270142180095,9
"Liberia","LBR",1979,438,"AFRO",NA,0.0136986301369863,6
"Liberia","LBR",1980,2690,"AFRO",NA,0.0204460966542751,55
"Liberia","LBR",1981,1582,"AFRO",NA,0.0208596713021492,33
"Liberia","LBR",1982,670,"AFRO",NA,0.0119402985074627,8
"Liberia","LBR",1983,183,"AFRO",NA,0.0655737704918033,12
"Liberia","LBR",1984,492,"AFRO",NA,0.016260162601626,8
"Liberia","LBR",1985,355,"AFRO",NA,0.00845070422535211,3
"Liberia","LBR",1986,59,"AFRO",NA,0,0
"Liberia","LBR",1987,33,"AFRO",NA,0.0303030303030303,1
"Liberia","LBR",1988,68,"AFRO",NA,0.0147058823529412,1
"Liberia","LBR",1989,28,"AFRO",NA,0,0
"Liberia","LBR",1991,132,"AFRO",NA,0.303030303030303,40
"Liberia","LBR",1994,764,"AFRO",NA,0.0222513089005236,17
"Liberia","LBR",1995,3420,"AFRO",NA,0.0368421052631579,126
"Liberia","LBR",1996,8922,"AFRO",NA,0.0189419412687738,169
"Liberia","LBR",1997,91,"AFRO",NA,0,0
"Liberia","LBR",1998,2123,"AFRO",NA,0.00800753650494583,17
"Liberia","LBR",1999,215,"AFRO",NA,0,0
"Liberia","LBR",2000,365,"AFRO",NA,0.0273972602739726,10
"Liberia","LBR",2001,1062,"AFRO",NA,0,0
"Liberia","LBR",2002,1115,"AFRO",NA,0,0
"Liberia","LBR",2003,34740,"AFRO",NA,0.00109383995394358,38
"Liberia","LBR",2004,2786,"AFRO",NA,0.00143575017946877,4
"Liberia","LBR",2005,3823,"AFRO",NA,0.00470834423227832,18
"Liberia","LBR",2006,4929,"AFRO",NA,0.00344897545141002,17
"Liberia","LBR",2007,3063,"AFRO",NA,0.00228534116878877,7
"Liberia","LBR",2008,1236,"AFRO",NA,0.00242718446601942,3
"Liberia","LBR",2009,1070,"AFRO",NA,0.00186915887850467,2
"Liberia","LBR",2010,1546,"AFRO",NA,0,0
"Liberia","LBR",2011,1146,"AFRO",NA,NA,NA
"Liberia","LBR",2012,219,"AFRO",NA,0,0
"Liberia","LBR",2013,92,"AFRO",NA,0,0
"Liberia","LBR",2014,44,"AFRO",NA,0,0
"Liberia","LBR",2018,2,"AFRO",NA,0,0
"Liberia","LBR",2021,167,"AFRO",NA,0,0
"Madagascar","MDG",1971,2,"AFRO",NA,0,0
"Madagascar","MDG",1996,0,"AFRO",NA,NA,0
"Madagascar","MDG",1999,9973,"AFRO",NA,0.0550486313045222,549
"Madagascar","MDG",2000,29305,"AFRO",NA,0.0570551100494796,1672
"Madagascar","MDG",2001,7219,"AFRO",NA,0.0572101399085746,413
"Madagascar","MDG",2002,27,"AFRO",NA,0,0
"Madagascar","MDG",2003,5,"AFRO",NA,0,0
"Madagascar","MDG",2005,0,"AFRO",NA,NA,0
"Madagascar","MDG",2006,0,"AFRO",NA,NA,0
"Malawi","MWI",1973,371,"AFRO",NA,0.0539083557951483,20
"Malawi","MWI",1976,19,"AFRO",NA,0,0
"Malawi","MWI",1977,577,"AFRO",NA,0,0
"Malawi","MWI",1978,263,"AFRO",NA,0.091254752851711,24
"Malawi","MWI",1981,261,"AFRO",NA,0,0
"Malawi","MWI",1983,487,"AFRO",NA,0.100616016427105,49
"Malawi","MWI",1988,6,"AFRO",NA,0,0
"Malawi","MWI",1989,8351,"AFRO",NA,0.0019159382109927,16
"Malawi","MWI",1990,13457,"AFRO",NA,0.0357434792301404,481
"Malawi","MWI",1991,8088,"AFRO",NA,0.0302917903066271,245
"Malawi","MWI",1992,298,"AFRO",NA,0.0268456375838926,8
"Malawi","MWI",1993,25193,"AFRO",NA,0.0207994284126543,524
"Malawi","MWI",1994,107,"AFRO",NA,0.102803738317757,11
"Malawi","MWI",1995,1,"AFRO",NA,0,0
"Malawi","MWI",1996,1,"AFRO",NA,0,0
"Malawi","MWI",1997,130,"AFRO",NA,0.115384615384615,15
"Malawi","MWI",1998,1745,"AFRO",NA,0.0424068767908309,74
"Malawi","MWI",1999,26508,"AFRO",NA,0.0244454504300589,648
"Malawi","MWI",2000,2391,"AFRO",NA,0.0234211626934337,56
"Malawi","MWI",2001,2395,"AFRO",NA,0.0175365344467641,42
"Malawi","MWI",2002,32618,"AFRO",NA,0.0279293641547612,911
"Malawi","MWI",2003,2736,"AFRO",NA,0.0124269005847953,34
"Malawi","MWI",2004,675,"AFRO",NA,0.00592592592592593,4
"Malawi","MWI",2005,1105,"AFRO",NA,0.00995475113122172,11
"Malawi","MWI",2006,4148,"AFRO",NA,0.0132594021215043,55
"Malawi","MWI",2007,475,"AFRO",NA,0.0105263157894737,5
"Malawi","MWI",2008,831,"AFRO",NA,0.0312876052948255,26
"Malawi","MWI",2009,5751,"AFRO",NA,0.021735350373848,125
"Malawi","MWI",2010,1155,"AFRO",NA,0.0147186147186147,17
"Malawi","MWI",2011,120,"AFRO",NA,0.0333333333333333,4
"Malawi","MWI",2012,187,"AFRO",NA,0.0106951871657754,2
"Malawi","MWI",2015,693,"AFRO",NA,0.0158730158730159,11
"Malawi","MWI",2016,1792,"AFRO",NA,0.0256696428571429,46
"Malawi","MWI",2017,344,"AFRO",NA,0.0145348837209302,5
"Malawi","MWI",2018,812,"AFRO",NA,0.0332512315270936,27
"Malawi","MWI",2019,23,"AFRO",NA,0,0
"Malawi","MWI",2020,3,"AFRO",NA,0,0
"Malawi","MWI",2021,2,"AFRO",NA,0,0
"Mali","MLI",1970,2665,"AFRO",NA,0.075422138836773,201
"Mali","MLI",1971,4792,"AFRO",NA,0.275667779632721,1321
"Mali","MLI",1972,2,"AFRO",NA,0,0
"Mali","MLI",1973,219,"AFRO",NA,0.146118721461187,32
"Mali","MLI",1974,130,"AFRO",NA,0.161538461538462,21
"Mali","MLI",1984,1795,"AFRO",NA,0.226183844011142,406
"Mali","MLI",1985,3759,"AFRO",NA,0.22293163075286,838
"Mali","MLI",1986,1916,"AFRO",NA,0.0788100208768267,151
"Mali","MLI",1987,352,"AFRO",NA,0.238636363636364,84
"Mali","MLI",1995,2191,"AFRO",NA,0.105431309904153,231
"Mali","MLI",1996,5723,"AFRO",NA,0.132972217368513,761
"Mali","MLI",1997,6,"AFRO",NA,0.5,3
"Mali","MLI",1999,6,"AFRO",NA,0.5,3
"Mali","MLI",2000,1885,"AFRO",NA,0.0270557029177719,51
"Mali","MLI",2001,67,"AFRO",NA,0.134328358208955,9
"Mali","MLI",2002,18,"AFRO",NA,0.111111111111111,2
"Mali","MLI",2003,1455,"AFRO",NA,0.081786941580756,119
"Mali","MLI",2004,2839,"AFRO",NA,0.0722085241282142,205
"Mali","MLI",2005,1178,"AFRO",NA,0.0645161290322581,76
"Mali","MLI",2006,7,"AFRO",NA,0,0
"Mali","MLI",2008,153,"AFRO",NA,0.0326797385620915,5
"Mali","MLI",2011,2220,"AFRO",NA,0.0427927927927928,95
"Mali","MLI",2012,219,"AFRO",NA,0.0867579908675799,19
"Mali","MLI",2013,23,"AFRO",NA,0.0869565217391304,2
"Mali","MLI",2021,12,"AFRO",NA,0.333333333333333,4
"Mauritania","MRT",1971,1139,"AFRO",NA,0.0465320456540825,53
"Mauritania","MRT",1972,148,"AFRO",NA,0.162162162162162,24
"Mauritania","MRT",1973,150,"AFRO",NA,0.146666666666667,22
"Mauritania","MRT",1984,166,"AFRO",NA,0.0903614457831325,15
"Mauritania","MRT",1985,259,"AFRO",NA,0.0772200772200772,20
"Mauritania","MRT",1986,3734,"AFRO",NA,0.030262453133369,113
"Mauritania","MRT",1987,1578,"AFRO",NA,0.0640050697084918,101
"Mauritania","MRT",1988,575,"AFRO",NA,0.0660869565217391,38
"Mauritania","MRT",1989,700,"AFRO",NA,0.0385714285714286,27
"Mauritania","MRT",1996,4534,"AFRO",NA,0.0326422584913983,148
"Mauritania","MRT",1997,462,"AFRO",NA,0.0151515151515152,7
"Mauritania","MRT",2002,80,"AFRO",NA,0,0
"Mauritania","MRT",2003,34,"AFRO",NA,0.235294117647059,8
"Mauritania","MRT",2005,4132,"AFRO",NA,0.0169409486931268,70
"Mauritania","MRT",2006,25,"AFRO",NA,0,0
"Mauritania","MRT",2007,3,"AFRO",NA,0,0
"Mauritania","MRT",2011,46,"AFRO",NA,0.0652173913043478,3
"Mauritius","MUS",2005,0,"AFRO",NA,NA,0
"Mauritius","MUS",2006,0,"AFRO",NA,NA,0
"Mozambique","MOZ",1973,453,"AFRO",NA,0.19205298013245,87
"Mozambique","MOZ",1974,1018,"AFRO",NA,0.135559921414538,138
"Mozambique","MOZ",1975,11,"AFRO",NA,0.272727272727273,3
"Mozambique","MOZ",1976,3,"AFRO",NA,0.666666666666667,2
"Mozambique","MOZ",1977,18,"AFRO",NA,0.166666666666667,3
"Mozambique","MOZ",1979,4564,"AFRO",NA,0.119851007887818,547
"Mozambique","MOZ",1980,1212,"AFRO",NA,0.0701320132013201,85
"Mozambique","MOZ",1981,1753,"AFRO",NA,0.0752994865944096,132
"Mozambique","MOZ",1982,2301,"AFRO",NA,0.086484137331595,199
"Mozambique","MOZ",1983,10745,"AFRO",NA,0.0416007445323406,447
"Mozambique","MOZ",1984,521,"AFRO",NA,0.0211132437619962,11
"Mozambique","MOZ",1985,3,"AFRO",NA,0,0
"Mozambique","MOZ",1986,1,"AFRO",NA,0,0
"Mozambique","MOZ",1989,371,"AFRO",NA,0.032345013477089,12
"Mozambique","MOZ",1990,4152,"AFRO",NA,0.0467244701348748,194
"Mozambique","MOZ",1991,7847,"AFRO",NA,0.0417994137887091,328
"Mozambique","MOZ",1992,30802,"AFRO",NA,0.0236023634828907,727
"Mozambique","MOZ",1993,19803,"AFRO",NA,0.0256021814876534,507
"Mozambique","MOZ",1994,692,"AFRO",NA,0.0390173410404624,27
"Mozambique","MOZ",1996,0,"AFRO",NA,NA,0
"Mozambique","MOZ",1997,8739,"AFRO",NA,0.0296372582675363,259
"Mozambique","MOZ",1998,42672,"AFRO",NA,0.031706974128234,1353
"Mozambique","MOZ",1999,44329,"AFRO",NA,0.0269349635678675,1194
"Mozambique","MOZ",2000,17649,"AFRO",NA,0.0134851832965041,238
"Mozambique","MOZ",2001,8794,"AFRO",NA,0.0115988173754833,102
"Mozambique","MOZ",2002,24375,"AFRO",NA,0.0140307692307692,342
"Mozambique","MOZ",2003,13758,"AFRO",NA,0.00741386829481029,102
"Mozambique","MOZ",2004,20080,"AFRO",NA,0.00547808764940239,110
"Mozambique","MOZ",2005,2226,"AFRO",NA,0.0107816711590297,24
"Mozambique","MOZ",2006,6306,"AFRO",NA,0.0045987947986045,29
"Mozambique","MOZ",2007,2622,"AFRO",NA,0.0083905415713196,22
"Mozambique","MOZ",2008,9087,"AFRO",NA,0.0112248266754705,102
"Mozambique","MOZ",2009,19679,"AFRO",NA,0.00787641648457747,155
"Mozambique","MOZ",2010,7430,"AFRO",NA,0.0157469717362046,117
"Mozambique","MOZ",2011,1279,"AFRO",NA,0.00390930414386239,5
"Mozambique","MOZ",2012,647,"AFRO",NA,0.0108191653786708,7
"Mozambique","MOZ",2013,1869,"AFRO",NA,0.0101658640984484,19
"Mozambique","MOZ",2014,480,"AFRO",NA,0.00208333333333333,1
"Mozambique","MOZ",2015,8739,"AFRO",NA,0.00732349239043369,64
"Mozambique","MOZ",2016,883,"AFRO",NA,0.00226500566251416,2
"Mozambique","MOZ",2017,5892,"AFRO",NA,0.00169721656483367,10
"Mozambique","MOZ",2018,910,"AFRO",NA,0,0
"Mozambique","MOZ",2019,7010,"AFRO",NA,0.00114122681883024,8
"Mozambique","MOZ",2020,3787,"AFRO",NA,0.00105624504885133,4
"Mozambique","MOZ",2021,5072,"AFRO",NA,0.0041403785488959,21
"Namibia","NAM",2005,0,"AFRO",NA,NA,0
"Namibia","NAM",2006,185,"AFRO",NA,0.027027027027027,5
"Namibia","NAM",2007,14,"AFRO",NA,0,0
"Namibia","NAM",2008,3496,"AFRO",NA,0.0108695652173913,38
"Namibia","NAM",2009,159,"AFRO",NA,0.0188679245283019,3
"Namibia","NAM",2013,3,"AFRO",NA,0,0
"Namibia","NAM",2014,485,"AFRO",NA,0.0268041237113402,13
"Niger","NER",1970,16,"AFRO",NA,0.5,8
"Niger","NER",1971,9265,"AFRO",NA,0.252995143011333,2344
"Niger","NER",1972,51,"AFRO",NA,0.235294117647059,12
"Niger","NER",1973,121,"AFRO",NA,0.132231404958678,16
"Niger","NER",1974,286,"AFRO",NA,0.262237762237762,75
"Niger","NER",1981,7,"AFRO",NA,0,0
"Niger","NER",1984,3788,"AFRO",NA,0.0813093980992608,308
"Niger","NER",1989,166,"AFRO",NA,0.132530120481928,22
"Niger","NER",1991,3238,"AFRO",NA,0.113341568869673,367
"Niger","NER",1994,732,"AFRO",NA,0.113387978142077,83
"Niger","NER",1995,264,"AFRO",NA,0.0568181818181818,15
"Niger","NER",1996,3957,"AFRO",NA,0.0520596411422795,206
"Niger","NER",1997,259,"AFRO",NA,0.0501930501930502,13
"Niger","NER",1999,1186,"AFRO",NA,0.0716694772344014,85
"Niger","NER",2000,225,"AFRO",NA,0.168888888888889,38
"Niger","NER",2001,81,"AFRO",NA,0.0123456790123457,1
"Niger","NER",2002,236,"AFRO",NA,0.0508474576271186,12
"Niger","NER",2003,292,"AFRO",NA,0.0376712328767123,11
"Niger","NER",2004,2178,"AFRO",NA,0.0261707988980716,57
"Niger","NER",2005,553,"AFRO",NA,0.0994575045207957,55
"Niger","NER",2006,1232,"AFRO",NA,0.0657467532467532,81
"Niger","NER",2007,24,"AFRO",NA,0.0833333333333333,2
"Niger","NER",2008,972,"AFRO",NA,0.0720164609053498,70
"Niger","NER",2010,1154,"AFRO",NA,0.0571923743500867,66
"Niger","NER",2011,2324,"AFRO",NA,0.0258175559380379,60
"Niger","NER",2012,5284,"AFRO",NA,0.0208175624526874,110
"Niger","NER",2013,585,"AFRO",NA,0.0222222222222222,13
"Niger","NER",2014,2059,"AFRO",NA,0.0388538125303545,80
"Niger","NER",2015,51,"AFRO",NA,0.0784313725490196,4
"Niger","NER",2016,38,"AFRO",NA,0.157894736842105,6
"Niger","NER",2018,3900,"AFRO",NA,0.02,78
"Niger","NER",2021,5591,"AFRO",NA,0.0296905741370059,166
"Nigeria","NGA",1970,15,"AFRO",NA,0.266666666666667,4
"Nigeria","NGA",1971,22931,"AFRO",NA,0.128428764554533,2945
"Nigeria","NGA",1972,1363,"AFRO",NA,0.070432868672047,96
"Nigeria","NGA",1973,157,"AFRO",NA,0.171974522292994,27
"Nigeria","NGA",1975,38,"AFRO",NA,0.0263157894736842,1
"Nigeria","NGA",1976,112,"AFRO",NA,0.223214285714286,25
"Nigeria","NGA",1977,376,"AFRO",NA,0.0265957446808511,10
"Nigeria","NGA",1978,197,"AFRO",NA,0.101522842639594,20
"Nigeria","NGA",1979,293,"AFRO",NA,0.0136518771331058,4
"Nigeria","NGA",1980,138,"AFRO",NA,0.181159420289855,25
"Nigeria","NGA",1981,107,"AFRO",NA,0.168224299065421,18
"Nigeria","NGA",1982,248,"AFRO",NA,0.0725806451612903,18
"Nigeria","NGA",1983,178,"AFRO",NA,0.0112359550561798,2
"Nigeria","NGA",1984,1667,"AFRO",NA,0.110977804439112,185
"Nigeria","NGA",1985,30,"AFRO",NA,0,0
"Nigeria","NGA",1986,91,"AFRO",NA,0.252747252747253,23
"Nigeria","NGA",1987,1290,"AFRO",NA,0.086046511627907,111
"Nigeria","NGA",1988,137,"AFRO",NA,0.072992700729927,10
"Nigeria","NGA",1989,1078,"AFRO",NA,0.0565862708719852,61
"Nigeria","NGA",1991,59478,"AFRO",NA,0.12868623692794,7654
"Nigeria","NGA",1992,8687,"AFRO",NA,0.0789685737308622,686
"Nigeria","NGA",1993,4160,"AFRO",NA,0.0639423076923077,266
"Nigeria","NGA",1994,2859,"AFRO",NA,0.109478838754809,313
"Nigeria","NGA",1995,1059,"AFRO",NA,0.0821529745042493,87
"Nigeria","NGA",1996,12374,"AFRO",NA,0.0964118312590916,1193
"Nigeria","NGA",1997,1322,"AFRO",NA,0.101361573373676,134
"Nigeria","NGA",1998,3464,"AFRO",NA,0.0539838337182448,187
"Nigeria","NGA",1999,26358,"AFRO",NA,0.0791031185977692,2085
"Nigeria","NGA",2000,2799,"AFRO",NA,0.0153626295105395,43
"Nigeria","NGA",2001,2312,"AFRO",NA,0.0514705882352941,119
"Nigeria","NGA",2002,5429,"AFRO",NA,0.0283661816172407,154
"Nigeria","NGA",2003,1933,"AFRO",NA,0.0450077599586136,87
"Nigeria","NGA",2004,3186,"AFRO",NA,0.0580665411173886,185
"Nigeria","NGA",2005,4477,"AFRO",NA,0.0388653115925843,174
"Nigeria","NGA",2006,2028,"AFRO",NA,0.0626232741617357,127
"Nigeria","NGA",2007,1661,"AFRO",NA,0.028898254063817,48
"Nigeria","NGA",2008,5410,"AFRO",NA,0.0456561922365989,247
"Nigeria","NGA",2009,13691,"AFRO",NA,0.0314805346578044,431
"Nigeria","NGA",2010,44456,"AFRO",NA,0.0385099874032752,1712
"Nigeria","NGA",2011,23377,"AFRO",NA,0.031740599734782,742
"Nigeria","NGA",2012,597,"AFRO",NA,0.0301507537688442,18
"Nigeria","NGA",2013,6600,"AFRO",NA,0.0346969696969697,229
"Nigeria","NGA",2014,35996,"AFRO",NA,0.0209745527280809,755
"Nigeria","NGA",2015,5290,"AFRO",NA,0.0351606805293006,186
"Nigeria","NGA",2016,768,"AFRO",NA,0.0416666666666667,32
"Nigeria","NGA",2017,12174,"AFRO",NA,0.023656973878758,288
"Nigeria","NGA",2018,45037,"AFRO",NA,0.0185625152652264,836
"Nigeria","NGA",2019,2486,"AFRO",NA,0.0172968624296058,43
"Nigeria","NGA",2020,596,"AFRO",NA,0.0788590604026846,47
"Nigeria","NGA",2021,111062,"AFRO",NA,0.0324503430516288,3604
"Rwanda","RWA",1978,838,"AFRO",NA,0.0572792362768496,48
"Rwanda","RWA",1979,5,"AFRO",NA,0,0
"Rwanda","RWA",1980,30,"AFRO",NA,0.133333333333333,4
"Rwanda","RWA",1981,24,"AFRO",NA,0.0416666666666667,1
"Rwanda","RWA",1982,201,"AFRO",NA,0.0099502487562189,2
"Rwanda","RWA",1983,54,"AFRO",NA,0.0925925925925926,5
"Rwanda","RWA",1984,161,"AFRO",NA,0.0807453416149068,13
"Rwanda","RWA",1985,21,"AFRO",NA,0,0
"Rwanda","RWA",1986,226,"AFRO",NA,0.0309734513274336,7
"Rwanda","RWA",1987,101,"AFRO",NA,0.0594059405940594,6
"Rwanda","RWA",1988,70,"AFRO",NA,0.0428571428571429,3
"Rwanda","RWA",1989,1,"AFRO",NA,0,0
"Rwanda","RWA",1991,679,"AFRO",NA,0.0515463917525773,35
"Rwanda","RWA",1992,503,"AFRO",NA,0.0695825049701789,35
"Rwanda","RWA",1993,568,"AFRO",NA,0.0598591549295775,34
"Rwanda","RWA",1994,10,"AFRO",NA,0,0
"Rwanda","RWA",1995,3,"AFRO",NA,0,0
"Rwanda","RWA",1996,106,"AFRO",NA,0.0943396226415094,10
"Rwanda","RWA",1997,274,"AFRO",NA,0.0583941605839416,16
"Rwanda","RWA",1998,3220,"AFRO",NA,0.0229813664596273,74
"Rwanda","RWA",1999,327,"AFRO",NA,0.149847094801223,49
"Rwanda","RWA",2000,1235,"AFRO",NA,0.00647773279352227,8
"Rwanda","RWA",2001,157,"AFRO",NA,0.0127388535031847,2
"Rwanda","RWA",2003,12,"AFRO",NA,0,0
"Rwanda","RWA",2004,586,"AFRO",NA,0,0
"Rwanda","RWA",2005,89,"AFRO",NA,0,0
"Rwanda","RWA",2006,405,"AFRO",NA,0.0518518518518519,21
"Rwanda","RWA",2007,1453,"AFRO",NA,0.0144528561596696,21
"Rwanda","RWA",2008,23,"AFRO",NA,0,0
"Rwanda","RWA",2009,67,"AFRO",NA,0,0
"Rwanda","RWA",2012,9,"AFRO",NA,0,0
"Rwanda","RWA",2016,355,"AFRO",NA,0,0
"Rwanda","RWA",2021,74,"AFRO",NA,0,0
"Sao Tome and Principe","STP",1989,3953,"AFRO",NA,0.0161902352643562,64
"Sao Tome and Principe","STP",1990,804,"AFRO",NA,0.0111940298507463,9
"Sao Tome and Principe","STP",1991,3,"AFRO",NA,0.333333333333333,1
"Sao Tome and Principe","STP",2005,1966,"AFRO",NA,0.0167853509664293,33
"Sao Tome and Principe","STP",2006,926,"AFRO",NA,0.00971922246220302,9
"Sao Tome and Principe","STP",2007,90,"AFRO",NA,0,0
"Sao Tome and Principe","STP",2008,119,"AFRO",NA,0.0336134453781513,4
"Senegal","SEN",1971,265,"AFRO",NA,0.226415094339623,60
"Senegal","SEN",1972,379,"AFRO",NA,0.0976253298153034,37
"Senegal","SEN",1978,315,"AFRO",NA,0.0253968253968254,8
"Senegal","SEN",1979,103,"AFRO",NA,0.029126213592233,3
"Senegal","SEN",1981,428,"AFRO",NA,0,0
"Senegal","SEN",1984,728,"AFRO",NA,0.129120879120879,94
"Senegal","SEN",1985,2988,"AFRO",NA,0.15863453815261,474
"Senegal","SEN",1986,476,"AFRO",NA,0.132352941176471,63
"Senegal","SEN",1987,3150,"AFRO",NA,0.0914285714285714,288
"Senegal","SEN",1988,390,"AFRO",NA,0.00256410256410256,1
"Senegal","SEN",1995,3332,"AFRO",NA,0.0480192076830732,160
"Senegal","SEN",1996,16107,"AFRO",NA,0.0474948780033526,765
"Senegal","SEN",1997,371,"AFRO",NA,0.0296495956873315,11
"Senegal","SEN",2004,1227,"AFRO",NA,0.00814995925020375,10
"Senegal","SEN",2005,31719,"AFRO",NA,0.0144392950597434,458
"Senegal","SEN",2006,365,"AFRO",NA,0.0273972602739726,10
"Senegal","SEN",2007,3984,"AFRO",NA,0.00602409638554217,24
"Senegal","SEN",2008,1283,"AFRO",NA,0.0155884645362432,20
"Senegal","SEN",2009,4,"AFRO",NA,0,0
"Senegal","SEN",2010,3,"AFRO",NA,0,0
"Senegal","SEN",2011,5,"AFRO",NA,NA,NA
"Senegal","SEN",2012,1,"AFRO",NA,0,0
"Seychelles","SYC",2005,0,"AFRO",NA,NA,0
"Seychelles","SYC",2006,0,"AFRO",NA,NA,0
"Seychelles","SYC",2007,178,"AFRO",NA,0.00561797752808989,1
"Seychelles","SYC",2008,0,"AFRO",NA,NA,0
"Sierra Leone","SLE",1970,293,"AFRO",NA,0.252559726962457,74
"Sierra Leone","SLE",1971,211,"AFRO",NA,0.0616113744075829,13
"Sierra Leone","SLE",1977,12,"AFRO",NA,0,0
"Sierra Leone","SLE",1986,8957,"AFRO",NA,0.0746901864463548,669
"Sierra Leone","SLE",1987,557,"AFRO",NA,0.0538599640933573,30
"Sierra Leone","SLE",1994,9709,"AFRO",NA,0.0641672674837779,623
"Sierra Leone","SLE",1995,10285,"AFRO",NA,0.0434613514827419,447
"Sierra Leone","SLE",1998,2096,"AFRO",NA,0.0271946564885496,57
"Sierra Leone","SLE",1999,863,"AFRO",NA,0.00579374275782155,5
"Sierra Leone","SLE",2004,513,"AFRO",NA,0.0818713450292398,42
"Sierra Leone","SLE",2005,6,"AFRO",NA,0,0
"Sierra Leone","SLE",2006,2560,"AFRO",NA,0.038671875,99
"Sierra Leone","SLE",2007,2219,"AFRO",NA,0.0378548895899054,84
"Sierra Leone","SLE",2008,62,"AFRO",NA,0.0161290322580645,1
"Sierra Leone","SLE",2012,23124,"AFRO",NA,0.0129302888773569,299
"Sierra Leone","SLE",2013,377,"AFRO",NA,0.0848806366047745,32
"Somalia","SOM",1970,43,"AFRO",NA,0.232558139534884,10
"Somalia","SOM",1971,89,"AFRO",NA,0.112359550561798,10
"Somalia","SOM",1985,10199,"AFRO",NA,0.155799588194921,1589
"Somalia","SOM",1986,15980,"AFRO",NA,0.12171464330413,1945
"Somalia","SOM",1994,28334,"AFRO",NA,0.0425637043834263,1206
"Somalia","SOM",1995,9255,"AFRO",NA,0.0206374932468936,191
"Somalia","SOM",1996,10274,"AFRO",NA,0.04516254623321,464
"Somalia","SOM",1997,6814,"AFRO",NA,0.0369826827120634,252
"Somalia","SOM",1998,4417,"AFRO",NA,0.0443740095087163,196
"Somalia","SOM",1999,17757,"AFRO",NA,0.0390268626457172,693
"Somalia","SOM",2000,7496,"AFRO",NA,0.0751067235859125,563
"Somalia","SOM",2001,2567,"AFRO",NA,0.0362290611608882,93
"Somalia","SOM",2002,2775,"AFRO",NA,0.0572972972972973,159
"Somalia","SOM",2003,11020,"AFRO",NA,0.00508166969147005,56
"Somalia","SOM",2004,4490,"AFRO",NA,0.00579064587973274,26
"Somalia","SOM",2007,41643,"AFRO",NA,0.028384122181399,1182
"Somalia","SOM",2008,1281,"AFRO",NA,0.0124902419984387,16
"Somalia","SOM",2009,208,"AFRO",NA,0.0144230769230769,3
"Somalia","SOM",2010,3510,"AFRO",NA,0.0293447293447293,103
"Somalia","SOM",2011,77636,"AFRO",NA,0.0145551033025916,1130
"Somalia","SOM",2012,22576,"AFRO",NA,0.00885896527285613,200
"Somalia","SOM",2013,6864,"AFRO",NA,0.0203962703962704,140
"Somalia","SOM",2014,2820,"AFRO",NA,NA,NA
"Somalia","SOM",2015,7536,"AFRO",NA,0.0111464968152866,84
"Somalia","SOM",2016,15619,"AFRO",NA,0.0350854728215635,548
"Somalia","SOM",2017,75414,"AFRO",NA,0.0133131779245233,1004
"Somalia","SOM",2018,6761,"AFRO",NA,0.00665582014494897,45
"Somalia","SOM",2019,3100,"AFRO",NA,0.00129032258064516,4
"Somalia","SOM",2020,6414,"AFRO",NA,0.00685999376364203,44
"Somalia","SOM",2021,4342,"AFRO",NA,0.00736987563334869,32
"South Africa","ZAF",1973,1,"AFRO",NA,0,0
"South Africa","ZAF",1974,37,"AFRO",NA,0,0
"South Africa","ZAF",1979,2,"AFRO",NA,0,0
"South Africa","ZAF",1980,859,"AFRO",NA,0.0186263096623981,16
"South Africa","ZAF",1981,4180,"AFRO",NA,0.0124401913875598,52
"South Africa","ZAF",1982,11968,"AFRO",NA,0.018716577540107,224
"South Africa","ZAF",1983,4715,"AFRO",NA,0.0133616118769883,63
"South Africa","ZAF",1984,1182,"AFRO",NA,0.0169204737732657,20
"South Africa","ZAF",1985,2742,"AFRO",NA,0.00145878920495988,4
"South Africa","ZAF",1986,120,"AFRO",NA,0.00833333333333333,1
"South Africa","ZAF",1987,37,"AFRO",NA,0,0
"South Africa","ZAF",1991,10,"AFRO",NA,0,0
"South Africa","ZAF",1992,11,"AFRO",NA,0,0
"South Africa","ZAF",1993,78,"AFRO",NA,0.0256410256410256,2
"South Africa","ZAF",1994,4,"AFRO",NA,0,0
"South Africa","ZAF",1998,20,"AFRO",NA,0.05,1
"South Africa","ZAF",1999,68,"AFRO",NA,0.0294117647058824,2
"South Africa","ZAF",2000,19667,"AFRO",NA,0.00345756851578787,68
"South Africa","ZAF",2001,106159,"AFRO",NA,0.00218540114356767,232
"South Africa","ZAF",2002,10004,"AFRO",NA,0.00319872051179528,32
"South Africa","ZAF",2003,3901,"AFRO",NA,0.0115355037169956,45
"South Africa","ZAF",2004,2767,"AFRO",NA,0.0126490784242862,35
"South Africa","ZAF",2005,3503,"AFRO",NA,0.00799314872966029,28
"South Africa","ZAF",2006,0,"AFRO",NA,NA,0
"South Africa","ZAF",2008,3907,"AFRO",NA,0.00563091886357819,22
"South Africa","ZAF",2009,10520,"AFRO",NA,0.00541825095057034,57
"South Africa","ZAF",2013,1,"AFRO",NA,0,0
"South Sudan","SSD",2014,6421,"AFRO",NA,0.0260084099049992,167
"South Sudan","SSD",2015,1818,"AFRO",NA,0.0258525852585259,47
"South Sudan","SSD",2016,4295,"AFRO",NA,0.0190919674039581,82
"South Sudan","SSD",2017,16088,"AFRO",NA,0.0219418199900547,353
"Sudan","SDN",1979,845,"AFRO",NA,0.208284023668639,176
"Sudan","SDN",1980,17,"AFRO",NA,0.117647058823529,2
"Sudan","SDN",1985,4457,"AFRO",NA,0.053623513574153,239
"Sudan","SDN",1999,0,"AFRO",NA,NA,0
"Sudan","SDN",2006,30662,"AFRO",NA,0.0329724088448242,1011
"Sudan","SDN",2007,13731,"AFRO",NA,0.0364139538271065,500
"Sudan","SDN",2008,17241,"AFRO",NA,0.00684415057131257,118
"Sudan","SDN",2009,13681,"AFRO",NA,0.00380089174767926,52
"Sudan","SDN",2019,346,"AFRO",NA,0.0317919075144509,11
"Sudan","SDN",2020,7,"AFRO",NA,0,0
"Sudan","SDN",2021,9,"AFRO",NA,0,0
"Tanzania","TZA",1974,10,"AFRO",NA,0.6,6
"Tanzania","TZA",1977,297,"AFRO",NA,0.0875420875420875,26
"Tanzania","TZA",1978,6608,"AFRO",NA,0.110926150121065,733
"Tanzania","TZA",1979,2559,"AFRO",NA,0.119187182493161,305
"Tanzania","TZA",1980,5196,"AFRO",NA,0.112971516551193,587
"Tanzania","TZA",1981,4241,"AFRO",NA,0.0778118368309361,330
"Tanzania","TZA",1982,4071,"AFRO",NA,0.079587324981577,324
"Tanzania","TZA",1983,1816,"AFRO",NA,0.0699339207048458,127
"Tanzania","TZA",1984,2600,"AFRO",NA,0.13,338
"Tanzania","TZA",1985,1984,"AFRO",NA,0.126008064516129,250
"Tanzania","TZA",1986,1231,"AFRO",NA,0.174654752233956,215
"Tanzania","TZA",1987,1892,"AFRO",NA,0.12262156448203,232
"Tanzania","TZA",1988,5267,"AFRO",NA,0.110119612682742,580
"Tanzania","TZA",1989,2150,"AFRO",NA,0.107906976744186,232
"Tanzania","TZA",1990,2230,"AFRO",NA,0.036322869955157,81
"Tanzania","TZA",1991,5676,"AFRO",NA,0.10077519379845,572
"Tanzania","TZA",1992,18526,"AFRO",NA,0.117294612976358,2173
"Tanzania","TZA",1993,792,"AFRO",NA,0.0934343434343434,74
"Tanzania","TZA",1994,2240,"AFRO",NA,0.0691964285714286,155
"Tanzania","TZA",1995,2957,"AFRO",NA,0.0324653364896855,96
"Tanzania","TZA",1996,1464,"AFRO",NA,0.0245901639344262,36
"Tanzania","TZA",1997,40249,"AFRO",NA,0.0554299485701508,2231
"Tanzania","TZA",1998,14488,"AFRO",NA,0.0419657647708448,608
"Tanzania","TZA",1999,12266,"AFRO",NA,0.0476112832219142,584
"Tanzania","TZA",2000,4637,"AFRO",NA,0.0336424412335562,156
"Tanzania","TZA",2001,1300,"AFRO",NA,0.04,52
"Tanzania","TZA",2002,11920,"AFRO",NA,0.0249161073825503,297
"Tanzania","TZA",2003,710,"AFRO",NA,0.0450704225352113,32
"Tanzania","TZA",2004,10319,"AFRO",NA,0.0263591433278418,272
"Tanzania","TZA",2005,2945,"AFRO",NA,0.031918505942275,94
"Tanzania","TZA",2006,14297,"AFRO",NA,0.0177659648877387,254
"Tanzania","TZA",2007,1609,"AFRO",NA,0.0403977625854568,65
"Tanzania","TZA",2008,2911,"AFRO",NA,0.0302301614565441,88
"Tanzania","TZA",2009,7700,"AFRO",NA,0.0146753246753247,113
"Tanzania","TZA",2010,4469,"AFRO",NA,0.0132020586260908,59
"Tanzania","TZA",2011,942,"AFRO",NA,0.0116772823779193,11
"Tanzania","TZA",2012,286,"AFRO",NA,0.013986013986014,4
"Tanzania","TZA",2013,270,"AFRO",NA,0.062962962962963,17
"Tanzania","TZA",2015,11563,"AFRO",NA,0.012453515523653,144
"Tanzania","TZA",2016,11360,"AFRO",NA,0.0151408450704225,172
"Tanzania","TZA",2017,4895,"AFRO",NA,0.0202247191011236,99
"Tanzania","TZA",2018,4777,"AFRO",NA,0.0175842579024492,84
"Tanzania","TZA",2021,54,"AFRO",NA,0,0
"Togo","TGO",1970,75,"AFRO",NA,0.04,3
"Togo","TGO",1971,335,"AFRO",NA,0.0776119402985075,26
"Togo","TGO",1972,16,"AFRO",NA,0,0
"Togo","TGO",1974,58,"AFRO",NA,0.137931034482759,8
"Togo","TGO",1977,132,"AFRO",NA,0.0909090909090909,12
"Togo","TGO",1978,6,"AFRO",NA,1,6
"Togo","TGO",1988,1,"AFRO",NA,0,0
"Togo","TGO",1991,2396,"AFRO",NA,0.0338063439065108,81
"Togo","TGO",1992,753,"AFRO",NA,0.0703851261620186,53
"Togo","TGO",1993,19,"AFRO",NA,0.105263157894737,2
"Togo","TGO",1994,47,"AFRO",NA,0.106382978723404,5
"Togo","TGO",1995,65,"AFRO",NA,0.0615384615384615,4
"Togo","TGO",1996,146,"AFRO",NA,0.116438356164384,17
"Togo","TGO",1997,42,"AFRO",NA,0.166666666666667,7
"Togo","TGO",1998,3217,"AFRO",NA,0.0686975442959279,221
"Togo","TGO",1999,667,"AFRO",NA,0.0464767616191904,31
"Togo","TGO",2000,338,"AFRO",NA,0.0680473372781065,23
"Togo","TGO",2001,2551,"AFRO",NA,0.0509604076832615,130
"Togo","TGO",2002,257,"AFRO",NA,0.0544747081712062,14
"Togo","TGO",2003,384,"AFRO",NA,0.0729166666666667,28
"Togo","TGO",2004,1080,"AFRO",NA,0.0305555555555556,33
"Togo","TGO",2005,1320,"AFRO",NA,0.0113636363636364,15
"Togo","TGO",2006,1159,"AFRO",NA,0.0215703192407248,25
"Togo","TGO",2007,65,"AFRO",NA,0.0153846153846154,1
"Togo","TGO",2008,397,"AFRO",NA,0.00755667506297229,3
"Togo","TGO",2009,218,"AFRO",NA,0.00458715596330275,1
"Togo","TGO",2010,72,"AFRO",NA,0.0416666666666667,3
"Togo","TGO",2011,4,"AFRO",NA,0,0
"Togo","TGO",2012,61,"AFRO",NA,0.0163934426229508,1
"Togo","TGO",2013,166,"AFRO",NA,0.0240963855421687,4
"Togo","TGO",2014,262,"AFRO",NA,0.0419847328244275,11
"Togo","TGO",2015,35,"AFRO",NA,0.0285714285714286,1
"Togo","TGO",2020,67,"AFRO",NA,0.0298507462686567,2
"Togo","TGO",2021,40,"AFRO",NA,0.125,5
"Uganda","UGA",1971,757,"AFRO",NA,0.0396301188903567,30
"Uganda","UGA",1975,3,"AFRO",NA,0,0
"Uganda","UGA",1978,1120,"AFRO",NA,0.0982142857142857,110
"Uganda","UGA",1979,940,"AFRO",NA,0.0638297872340425,60
"Uganda","UGA",1980,1539,"AFRO",NA,0.117608836907083,181
"Uganda","UGA",1982,190,"AFRO",NA,0.252631578947368,48
"Uganda","UGA",1987,140,"AFRO",NA,0.357142857142857,50
"Uganda","UGA",1991,279,"AFRO",NA,0.100358422939068,28
"Uganda","UGA",1992,5072,"AFRO",NA,0.0205047318611987,104
"Uganda","UGA",1994,704,"AFRO",NA,0.0553977272727273,39
"Uganda","UGA",1995,538,"AFRO",NA,0.122676579925651,66
"Uganda","UGA",1996,291,"AFRO",NA,0.13745704467354,40
"Uganda","UGA",1997,2610,"AFRO",NA,0.0720306513409962,188
"Uganda","UGA",1998,49514,"AFRO",NA,0.0416851799491053,2064
"Uganda","UGA",1999,5179,"AFRO",NA,0.0440239428461093,228
"Uganda","UGA",2000,2807,"AFRO",NA,0.0612753829711436,172
"Uganda","UGA",2001,247,"AFRO",NA,0.0161943319838057,4
"Uganda","UGA",2002,2274,"AFRO",NA,0.0584872471416007,133
"Uganda","UGA",2003,4377,"AFRO",NA,0.0294722412611378,129
"Uganda","UGA",2004,3380,"AFRO",NA,0.0269230769230769,91
"Uganda","UGA",2005,4924,"AFRO",NA,0.0199025182778229,98
"Uganda","UGA",2006,5194,"AFRO",NA,0.0204081632653061,106
"Uganda","UGA",2007,276,"AFRO",NA,0.0108695652173913,3
"Uganda","UGA",2008,3726,"AFRO",NA,0.0322061191626409,120
"Uganda","UGA",2009,1095,"AFRO",NA,0.0210045662100457,23
"Uganda","UGA",2010,2341,"AFRO",NA,0.0333190944041008,78
"Uganda","UGA",2012,6326,"AFRO",NA,0.0213404995257667,135
"Uganda","UGA",2013,748,"AFRO",NA,0.036096256684492,27
"Uganda","UGA",2014,309,"AFRO",NA,0.029126213592233,9
"Uganda","UGA",2015,1461,"AFRO",NA,0.0225872689938398,33
"Uganda","UGA",2016,516,"AFRO",NA,0.0213178294573643,11
"Uganda","UGA",2017,252,"AFRO",NA,0,0
"Uganda","UGA",2018,4440,"AFRO",NA,0.0202702702702703,90
"Uganda","UGA",2019,358,"AFRO",NA,0.0139664804469274,5
"Uganda","UGA",2020,1521,"AFRO",NA,0.0118343195266272,18
"Uganda","UGA",2021,173,"AFRO",NA,0,0
"Zambia","ZMB",1978,263,"AFRO",NA,0.136882129277567,36
"Zambia","ZMB",1979,12,"AFRO",NA,0.916666666666667,11
"Zambia","ZMB",1980,57,"AFRO",NA,0.298245614035088,17
"Zambia","ZMB",1981,14,"AFRO",NA,0,0
"Zambia","ZMB",1982,1403,"AFRO",NA,0.0933713471133286,131
"Zambia","ZMB",1983,233,"AFRO",NA,0.0815450643776824,19
"Zambia","ZMB",1989,44,"AFRO",NA,1,44
"Zambia","ZMB",1990,3717,"AFRO",NA,0.0847457627118644,315
"Zambia","ZMB",1991,13154,"AFRO",NA,0.0829405504029193,1091
"Zambia","ZMB",1992,11659,"AFRO",NA,0.0783086027961232,913
"Zambia","ZMB",1993,6766,"AFRO",NA,0.0629618681643512,426
"Zambia","ZMB",1996,2172,"AFRO",NA,0.0193370165745856,42
"Zambia","ZMB",1997,36,"AFRO",NA,0,0
"Zambia","ZMB",1998,171,"AFRO",NA,0,0
"Zambia","ZMB",1999,13511,"AFRO",NA,0.0395973651099104,535
"Zambia","ZMB",2000,4504,"AFRO",NA,0.0672735346358792,303
"Zambia","ZMB",2001,3109,"AFRO",NA,0.0530717272434867,165
"Zambia","ZMB",2002,339,"AFRO",NA,0.0353982300884956,12
"Zambia","ZMB",2003,1049,"AFRO",NA,0.0276453765490944,29
"Zambia","ZMB",2004,12149,"AFRO",NA,0.0307021154004445,373
"Zambia","ZMB",2005,1503,"AFRO",NA,0.00465735196274118,7
"Zambia","ZMB",2006,5360,"AFRO",NA,0.0341417910447761,183
"Zambia","ZMB",2007,2286,"AFRO",NA,0.0153105861767279,35
"Zambia","ZMB",2008,2061,"AFRO",NA,0.0189228529839884,39
"Zambia","ZMB",2009,4712,"AFRO",NA,0.0169779286926995,80
"Zambia","ZMB",2010,6794,"AFRO",NA,0.00912569914630556,62
"Zambia","ZMB",2011,330,"AFRO",NA,0.0212121212121212,7
"Zambia","ZMB",2012,198,"AFRO",NA,0.0101010101010101,2
"Zambia","ZMB",2017,1794,"AFRO",NA,0.0317725752508361,57
"Zambia","ZMB",2018,4082,"AFRO",NA,0.0181283684468398,74
"Zambia","ZMB",2019,447,"AFRO",NA,0.0201342281879195,9
"Zimbabwe","ZWE",1973,1,"AFRO",NA,NA,NA
"Zimbabwe","ZWE",1974,37,"AFRO",NA,0,0
"Zimbabwe","ZWE",1975,615,"AFRO",NA,0.0536585365853659,33
"Zimbabwe","ZWE",1976,144,"AFRO",NA,0.0625,9
"Zimbabwe","ZWE",1985,144,"AFRO",NA,0.0416666666666667,6
"Zimbabwe","ZWE",1986,2,"AFRO",NA,NA,NA
"Zimbabwe","ZWE",1992,2048,"AFRO",NA,0.05126953125,105
"Zimbabwe","ZWE",1993,5385,"AFRO",NA,0.061652739090065,332
"Zimbabwe","ZWE",1998,995,"AFRO",NA,0.0442211055276382,44
"Zimbabwe","ZWE",1999,5637,"AFRO",NA,0.0682987404647862,385
"Zimbabwe","ZWE",2000,1675,"AFRO",NA,0.133134328358209,223
"Zimbabwe","ZWE",2001,650,"AFRO",NA,0.0215384615384615,14
"Zimbabwe","ZWE",2002,3125,"AFRO",NA,0.06144,192
"Zimbabwe","ZWE",2003,1009,"AFRO",NA,0.0346878097125867,35
"Zimbabwe","ZWE",2004,119,"AFRO",NA,0.0756302521008403,9
"Zimbabwe","ZWE",2005,516,"AFRO",NA,0.0503875968992248,26
"Zimbabwe","ZWE",2006,789,"AFRO",NA,0.0773130544993663,61
"Zimbabwe","ZWE",2007,65,"AFRO",NA,0.0615384615384615,4
"Zimbabwe","ZWE",2008,60055,"AFRO",NA,0.0487553076346682,2928
"Zimbabwe","ZWE",2009,68153,"AFRO",NA,0.0397047818878112,2706
"Zimbabwe","ZWE",2010,951,"AFRO",NA,0.0220820189274448,21
"Zimbabwe","ZWE",2011,1220,"AFRO",NA,0.00163934426229508,2
"Zimbabwe","ZWE",2012,23,"AFRO",NA,0.0434782608695652,1
"Zimbabwe","ZWE",2015,60,"AFRO",NA,0,0
"Zimbabwe","ZWE",2016,10,"AFRO",NA,0.1,1
"Zimbabwe","ZWE",2018,10692,"AFRO",NA,0.00607931163486719,65
"Zimbabwe","ZWE",2019,61,"AFRO",NA,0.0491803278688525,3
